{"cameraMode":{"drawMode":0,"name":"Shaded","section":"Shading Mode"},"sceneLighting":false,"audioPlay":false,"sceneViewState":{"showFog":true,"showMaterialUpdate":false,"showSkybox":false,"showFlares":true,"showImageEffects":true,"showParticleSystems":true},"in2DMode":false,"pivot":{"x":-7.948786735534668,"y":12.852702140808106,"z":-22.494213104248048},"rotation":{"x":-0.061969175934791568,"y":0.6408939361572266,"z":-0.05202481895685196,"w":-0.7633582949638367},"size":9.979960441589356,"orthographic":false}